tarih,ev_sahibi,deplasman,sonuc,skor,sezon,ev_puan_ort,ev_gol_ort,ev_yenilen_gol_ort,ev_galibiyet_orani,ev_lig_sirasi,dep_puan_ort,dep_gol_ort,dep_yenilen_gol_ort,dep_galibiyet_orani,dep_lig_sirasi
2023-06-07,Ankaragucu,Adana Demirspor,2,1-2,2022,1.0526315789473684,1.2105263157894737,1.368421052631579,0.21052631578947367,17,1.1578947368421053,1.4210526315789473,1.605263157894737,0.2631578947368421,12
2023-06-07,Besiktas,Konyaspor,X,3-3,2022,1.4736842105263157,1.368421052631579,1.236842105263158,0.42105263157894735,6,1.0789473684210527,1.0526315789473684,1.394736842105263,0.23684210526315788,16
2023-06-07,Hatayspor,Galatasaray,2,0-3,2022,1.0789473684210527,1.1842105263157894,1.368421052631579,0.23684210526315788,15,2.6842105263157894,2.4210526315789473,0.6842105263157895,0.868421052631579,1
2023-06-07,Fenerbahce,Gazişehir Gaziantep,1,3-0,2022,2.6052631578947367,2.6052631578947367,0.8157894736842105,0.8157894736842105,2,1.1578947368421053,1.3157894736842106,1.5,0.3157894736842105,11
2023-06-06,Istanbul Basaksehir,Trabzonspor,1,3-1,2022,1.605263157894737,1.5,1.131578947368421,0.47368421052631576,4,1.763157894736842,1.8157894736842106,1.3157894736842106,0.5526315789473685,3
2023-06-06,Fatih Karagümrük,Kasimpasa,1,3-0,2022,1.0526315789473684,1.2894736842105263,1.368421052631579,0.2631578947368421,18,1.4736842105263157,1.631578947368421,1.7105263157894737,0.42105263157894735,5
2023-06-06,Sivasspor,Kayserispor,X,1-1,2022,1.4210526315789473,1.236842105263158,1.4210526315789473,0.3684210526315789,7,1.105263157894737,1.1578947368421053,1.5,0.2894736842105263,14
2023-06-04,Galatasaray,Fenerbahce,1,3-0,2022,2.6842105263157894,2.4210526315789473,0.6842105263157895,0.868421052631579,1,2.6052631578947367,2.6052631578947367,0.8157894736842105,0.8157894736842105,2
2023-06-03,Trabzonspor,Alanyaspor,1,5-1,2022,1.763157894736842,1.8157894736842106,1.3157894736842106,0.5526315789473685,3,1.368421052631579,1.394736842105263,1.3157894736842106,0.3157894736842105,8
2023-06-03,Gazişehir Gaziantep,İstanbulspor,2,0-3,2022,1.1578947368421053,1.3157894736842106,1.5,0.3157894736842105,11,0.42105263157894735,0.7105263157894737,2.1052631578947367,0.10526315789473684,20
2023-06-03,Konyaspor,Fatih Karagümrük,X,1-1,2022,1.0789473684210527,1.0526315789473684,1.394736842105263,0.23684210526315788,16,1.0526315789473684,1.2894736842105263,1.368421052631579,0.2631578947368421,18
2023-06-03,Antalyaspor,Hatayspor,1,3-0,2022,1.2894736842105263,1.1578947368421053,1.2894736842105263,0.3157894736842105,10,1.0789473684210527,1.1842105263157894,1.368421052631579,0.23684210526315788,15
2023-06-03,Kayserispor,Ankaragucu,2,0-1,2022,1.105263157894737,1.1578947368421053,1.5,0.2894736842105263,14,1.0526315789473684,1.2105263157894737,1.368421052631579,0.21052631578947367,17
2023-06-03,Adana Demirspor,Istanbul Basaksehir,2,2-3,2022,1.1578947368421053,1.4210526315789473,1.605263157894737,0.2631578947368421,12,1.605263157894737,1.5,1.131578947368421,0.47368421052631576,4
2023-06-03,Kasimpasa,Besiktas,2,2-5,2022,1.4736842105263157,1.631578947368421,1.7105263157894737,0.42105263157894735,5,1.4736842105263157,1.368421052631579,1.236842105263158,0.42105263157894735,6
2023-05-30,Sivasspor,Konyaspor,1,1-0,2022,1.4210526315789473,1.236842105263158,1.4210526315789473,0.3684210526315789,7,1.0789473684210527,1.0526315789473684,1.394736842105263,0.23684210526315788,16
2023-05-30,Istanbul Basaksehir,Gazişehir Gaziantep,1,3-0,2022,1.605263157894737,1.5,1.131578947368421,0.47368421052631576,4,1.1578947368421053,1.3157894736842106,1.5,0.3157894736842105,11
2023-05-30,Alanyaspor,Kasimpasa,2,1-3,2022,1.368421052631579,1.394736842105263,1.3157894736842106,0.3157894736842105,8,1.4736842105263157,1.631578947368421,1.7105263157894737,0.42105263157894735,5
2023-05-30,Fenerbahce,Antalyaspor,1,2-0,2022,2.6052631578947367,2.6052631578947367,0.8157894736842105,0.8157894736842105,2,1.2894736842105263,1.1578947368421053,1.2894736842105263,0.3157894736842105,10
2023-05-30,Ankaragucu,Galatasaray,2,1-4,2022,1.0526315789473684,1.2105263157894737,1.368421052631579,0.21052631578947367,17,2.6842105263157894,2.4210526315789473,0.6842105263157895,0.868421052631579,1
2023-05-30,İstanbulspor,Adana Demirspor,2,0-2,2022,0.42105263157894735,0.7105263157894737,2.1052631578947367,0.10526315789473684,20,1.1578947368421053,1.4210526315789473,1.605263157894737,0.2631578947368421,12
2023-05-30,Fatih Karagümrük,Kayserispor,1,2-0,2022,1.0526315789473684,1.2894736842105263,1.368421052631579,0.2631578947368421,18,1.105263157894737,1.1578947368421053,1.5,0.2894736842105263,14
2023-05-22,Trabzonspor,Fatih Karagümrük,1,4-1,2022,1.763157894736842,1.8157894736842106,1.3157894736842106,0.5526315789473685,3,1.0526315789473684,1.2894736842105263,1.368421052631579,0.2631578947368421,18
2023-05-21,Adana Demirspor,Besiktas,2,1-4,2022,1.1578947368421053,1.4210526315789473,1.605263157894737,0.2631578947368421,12,1.4736842105263157,1.368421052631579,1.236842105263158,0.42105263157894735,6
2023-05-21,Antalyaspor,Istanbul Basaksehir,X,0-0,2022,1.2894736842105263,1.1578947368421053,1.2894736842105263,0.3157894736842105,10,1.605263157894737,1.5,1.131578947368421,0.47368421052631576,4
2023-05-21,Hatayspor,Fenerbahce,2,0-3,2022,1.0789473684210527,1.1842105263157894,1.368421052631579,0.23684210526315788,15,2.6052631578947367,2.6052631578947367,0.8157894736842105,0.8157894736842105,2
2023-05-20,Kayserispor,Alanyaspor,2,0-4,2022,1.105263157894737,1.1578947368421053,1.5,0.2894736842105263,14,1.368421052631579,1.394736842105263,1.3157894736842106,0.3157894736842105,8
2023-05-20,Galatasaray,Sivasspor,1,2-0,2022,2.6842105263157894,2.4210526315789473,0.6842105263157895,0.868421052631579,1,1.4210526315789473,1.236842105263158,1.4210526315789473,0.3684210526315789,7
2023-05-20,Kasimpasa,İstanbulspor,1,1-0,2022,1.4736842105263157,1.631578947368421,1.7105263157894737,0.42105263157894735,5,0.42105263157894735,0.7105263157894737,2.1052631578947367,0.10526315789473684,20
2023-05-18,Fenerbahce,Trabzonspor,1,3-1,2022,2.6052631578947367,2.6052631578947367,0.8157894736842105,0.8157894736842105,2,1.763157894736842,1.8157894736842106,1.3157894736842106,0.5526315789473685,3
2023-05-17,Besiktas,Gazişehir Gaziantep,1,3-0,2022,1.4736842105263157,1.368421052631579,1.236842105263158,0.42105263157894735,6,1.1578947368421053,1.3157894736842106,1.5,0.3157894736842105,11
2023-05-17,Ankaragucu,Antalyaspor,X,1-1,2022,1.0526315789473684,1.2105263157894737,1.368421052631579,0.21052631578947367,17,1.2894736842105263,1.1578947368421053,1.2894736842105263,0.3157894736842105,10
2023-05-17,Fatih Karagümrük,Adana Demirspor,2,2-3,2022,1.0526315789473684,1.2894736842105263,1.368421052631579,0.2631578947368421,18,1.1578947368421053,1.4210526315789473,1.605263157894737,0.2631578947368421,12
2023-05-16,İstanbulspor,Galatasaray,2,0-2,2022,0.42105263157894735,0.7105263157894737,2.1052631578947367,0.10526315789473684,20,2.6842105263157894,2.4210526315789473,0.6842105263157895,0.868421052631579,1
2023-05-16,Alanyaspor,Konyaspor,2,0-3,2022,1.368421052631579,1.394736842105263,1.3157894736842106,0.3157894736842105,8,1.0789473684210527,1.0526315789473684,1.394736842105263,0.23684210526315788,16
2023-05-16,Sivasspor,Kasimpasa,2,1-2,2022,1.4210526315789473,1.236842105263158,1.4210526315789473,0.3684210526315789,7,1.4736842105263157,1.631578947368421,1.7105263157894737,0.42105263157894735,5
2023-05-08,Trabzonspor,Ankaragucu,1,2-0,2022,1.763157894736842,1.8157894736842106,1.3157894736842106,0.5526315789473685,3,1.0526315789473684,1.2105263157894737,1.368421052631579,0.21052631578947367,17
2023-05-08,Galatasaray,Istanbul Basaksehir,1,1-0,2022,2.6842105263157894,2.4210526315789473,0.6842105263157895,0.868421052631579,1,1.605263157894737,1.5,1.131578947368421,0.47368421052631576,4
2023-05-07,Gazişehir Gaziantep,Fatih Karagümrük,2,0-3,2022,1.1578947368421053,1.3157894736842106,1.5,0.3157894736842105,11,1.0526315789473684,1.2894736842105263,1.368421052631579,0.2631578947368421,18
2023-05-07,Hatayspor,İstanbulspor,2,0-3,2022,1.0789473684210527,1.1842105263157894,1.368421052631579,0.23684210526315788,15,0.42105263157894735,0.7105263157894737,2.1052631578947367,0.10526315789473684,20
2023-05-07,Konyaspor,Kayserispor,X,2-2,2022,1.0789473684210527,1.0526315789473684,1.394736842105263,0.23684210526315788,16,1.105263157894737,1.1578947368421053,1.5,0.2894736842105263,14
2023-05-06,Adana Demirspor,Alanyaspor,1,4-2,2022,1.1578947368421053,1.4210526315789473,1.605263157894737,0.2631578947368421,12,1.368421052631579,1.394736842105263,1.3157894736842106,0.3157894736842105,8
2023-05-06,Antalyaspor,Besiktas,2,1-3,2022,1.2894736842105263,1.1578947368421053,1.2894736842105263,0.3157894736842105,10,1.4736842105263157,1.368421052631579,1.236842105263158,0.42105263157894735,6
2023-04-30,Besiktas,Galatasaray,1,3-1,2022,1.4736842105263157,1.368421052631579,1.236842105263158,0.42105263157894735,6,2.6842105263157894,2.4210526315789473,0.6842105263157895,0.868421052631579,1
2023-04-30,Kayserispor,Gazişehir Gaziantep,1,3-0,2022,1.105263157894737,1.1578947368421053,1.5,0.2894736842105263,14,1.1578947368421053,1.3157894736842106,1.5,0.3157894736842105,11
2023-04-30,Istanbul Basaksehir,Hatayspor,1,3-0,2022,1.605263157894737,1.5,1.131578947368421,0.47368421052631576,4,1.0789473684210527,1.1842105263157894,1.368421052631579,0.23684210526315788,15
2023-04-29,Fatih Karagümrük,Antalyaspor,2,0-1,2022,1.0526315789473684,1.2894736842105263,1.368421052631579,0.2631578947368421,18,1.2894736842105263,1.1578947368421053,1.2894736842105263,0.3157894736842105,10
2023-04-29,Konyaspor,Trabzonspor,1,2-1,2022,1.0789473684210527,1.0526315789473684,1.394736842105263,0.23684210526315788,16,1.763157894736842,1.8157894736842106,1.3157894736842106,0.5526315789473685,3
2023-04-29,Sivasspor,Fenerbahce,2,1-3,2022,1.4210526315789473,1.236842105263158,1.4210526315789473,0.3684210526315789,7,2.6052631578947367,2.6052631578947367,0.8157894736842105,0.8157894736842105,2
2023-04-29,Ankaragucu,Kasimpasa,X,0-0,2022,1.0526315789473684,1.2105263157894737,1.368421052631579,0.21052631578947367,17,1.4736842105263157,1.631578947368421,1.7105263157894737,0.42105263157894735,5
2023-04-24,Antalyaspor,Sivasspor,2,1-2,2022,1.2894736842105263,1.1578947368421053,1.2894736842105263,0.3157894736842105,10,1.4210526315789473,1.236842105263158,1.4210526315789473,0.3684210526315789,7
2023-04-24,Fenerbahce,İstanbulspor,X,3-3,2022,2.6052631578947367,2.6052631578947367,0.8157894736842105,0.8157894736842105,2,0.42105263157894735,0.7105263157894737,2.1052631578947367,0.10526315789473684,20
2023-04-23,Galatasaray,Fatih Karagümrük,X,3-3,2022,2.6842105263157894,2.4210526315789473,0.6842105263157895,0.868421052631579,1,1.0526315789473684,1.2894736842105263,1.368421052631579,0.2631578947368421,18
2023-04-23,Adana Demirspor,Kayserispor,1,5-3,2022,1.1578947368421053,1.4210526315789473,1.605263157894737,0.2631578947368421,12,1.105263157894737,1.1578947368421053,1.5,0.2894736842105263,14
2023-04-23,Kasimpasa,Konyaspor,2,1-2,2022,1.4736842105263157,1.631578947368421,1.7105263157894737,0.42105263157894735,5,1.0789473684210527,1.0526315789473684,1.394736842105263,0.23684210526315788,16
2023-04-23,Hatayspor,Ankaragucu,2,0-3,2022,1.0789473684210527,1.1842105263157894,1.368421052631579,0.23684210526315788,15,1.0526315789473684,1.2105263157894737,1.368421052631579,0.21052631578947367,17
2023-04-23,Gazişehir Gaziantep,Alanyaspor,2,0-3,2022,1.1578947368421053,1.3157894736842106,1.5,0.3157894736842105,11,1.368421052631579,1.394736842105263,1.3157894736842106,0.3157894736842105,8
2023-04-20,Sivasspor,Trabzonspor,1,4-1,2022,1.4210526315789473,1.236842105263158,1.4210526315789473,0.3684210526315789,7,1.763157894736842,1.8157894736842106,1.3157894736842106,0.5526315789473685,3
2023-04-19,Besiktas,Hatayspor,1,3-0,2022,1.4736842105263157,1.368421052631579,1.236842105263158,0.42105263157894735,6,1.0789473684210527,1.1842105263157894,1.368421052631579,0.23684210526315788,15
2023-04-19,Konyaspor,Adana Demirspor,2,1-2,2022,1.0789473684210527,1.0526315789473684,1.394736842105263,0.23684210526315788,16,1.1578947368421053,1.4210526315789473,1.605263157894737,0.2631578947368421,12
2023-04-19,Istanbul Basaksehir,Fenerbahce,2,1-2,2022,1.605263157894737,1.5,1.131578947368421,0.47368421052631576,4,2.6052631578947367,2.6052631578947367,0.8157894736842105,0.8157894736842105,2
2023-04-19,İstanbulspor,Antalyaspor,X,3-3,2022,0.42105263157894735,0.7105263157894737,2.1052631578947367,0.10526315789473684,20,1.2894736842105263,1.1578947368421053,1.2894736842105263,0.3157894736842105,10
2023-04-19,Kayserispor,Kasimpasa,X,0-0,2022,1.105263157894737,1.1578947368421053,1.5,0.2894736842105263,14,1.4736842105263157,1.631578947368421,1.7105263157894737,0.42105263157894735,5
2023-04-18,Alanyaspor,Galatasaray,2,1-4,2022,1.368421052631579,1.394736842105263,1.3157894736842106,0.3157894736842105,8,2.6842105263157894,2.4210526315789473,0.6842105263157895,0.868421052631579,1
2023-04-16,Hatayspor,Fatih Karagümrük,2,0-3,2022,1.0789473684210527,1.1842105263157894,1.368421052631579,0.23684210526315788,15,1.0526315789473684,1.2894736842105263,1.368421052631579,0.2631578947368421,18
2023-04-16,Gazişehir Gaziantep,Konyaspor,2,0-3,2022,1.1578947368421053,1.3157894736842106,1.5,0.3157894736842105,11,1.0789473684210527,1.0526315789473684,1.394736842105263,0.23684210526315788,16
2023-04-16,Trabzonspor,Besiktas,X,0-0,2022,1.763157894736842,1.8157894736842106,1.3157894736842106,0.5526315789473685,3,1.4736842105263157,1.368421052631579,1.236842105263158,0.42105263157894735,6
2023-04-15,Fenerbahce,Ankaragucu,1,2-1,2022,2.6052631578947367,2.6052631578947367,0.8157894736842105,0.8157894736842105,2,1.0526315789473684,1.2105263157894737,1.368421052631579,0.21052631578947367,17
2023-04-15,İstanbulspor,Istanbul Basaksehir,1,1-0,2022,0.42105263157894735,0.7105263157894737,2.1052631578947367,0.10526315789473684,20,1.605263157894737,1.5,1.131578947368421,0.47368421052631576,4
2023-04-15,Adana Demirspor,Kasimpasa,1,5-0,2022,1.1578947368421053,1.4210526315789473,1.605263157894737,0.2631578947368421,12,1.4736842105263157,1.631578947368421,1.7105263157894737,0.42105263157894735,5
2023-04-14,Antalyaspor,Alanyaspor,1,3-1,2022,1.2894736842105263,1.1578947368421053,1.2894736842105263,0.3157894736842105,10,1.368421052631579,1.394736842105263,1.3157894736842106,0.3157894736842105,8
2023-04-14,Galatasaray,Kayserispor,1,6-0,2022,2.6842105263157894,2.4210526315789473,0.6842105263157895,0.868421052631579,1,1.105263157894737,1.1578947368421053,1.5,0.2894736842105263,14
2023-04-10,Fatih Karagümrük,Fenerbahce,2,1-2,2022,1.0526315789473684,1.2894736842105263,1.368421052631579,0.2631578947368421,18,2.6052631578947367,2.6052631578947367,0.8157894736842105,0.8157894736842105,2
2023-04-09,Sivasspor,Istanbul Basaksehir,X,1-1,2022,1.4210526315789473,1.236842105263158,1.4210526315789473,0.3684210526315789,7,1.605263157894737,1.5,1.131578947368421,0.47368421052631576,4
2023-04-09,Adana Demirspor,Gazişehir Gaziantep,1,3-0,2022,1.1578947368421053,1.4210526315789473,1.605263157894737,0.2631578947368421,12,1.1578947368421053,1.3157894736842106,1.5,0.3157894736842105,11
2023-04-09,Alanyaspor,Hatayspor,1,3-0,2022,1.368421052631579,1.394736842105263,1.3157894736842106,0.3157894736842105,8,1.0789473684210527,1.1842105263157894,1.368421052631579,0.23684210526315788,15
2023-04-08,Kasimpasa,Trabzonspor,1,2-0,2022,1.4736842105263157,1.631578947368421,1.7105263157894737,0.42105263157894735,5,1.763157894736842,1.8157894736842106,1.3157894736842106,0.5526315789473685,3
2023-04-08,Ankaragucu,İstanbulspor,1,3-2,2022,1.0526315789473684,1.2105263157894737,1.368421052631579,0.21052631578947367,17,0.42105263157894735,0.7105263157894737,2.1052631578947367,0.10526315789473684,20
2023-04-07,Konyaspor,Antalyaspor,X,1-1,2022,1.0789473684210527,1.0526315789473684,1.394736842105263,0.23684210526315788,16,1.2894736842105263,1.1578947368421053,1.2894736842105263,0.3157894736842105,10
2023-04-03,İstanbulspor,Fatih Karagümrük,2,0-1,2022,0.42105263157894735,0.7105263157894737,2.1052631578947367,0.10526315789473684,20,1.0526315789473684,1.2894736842105263,1.368421052631579,0.2631578947368421,18
2023-04-02,Gazişehir Gaziantep,Kasimpasa,2,0-3,2022,1.1578947368421053,1.3157894736842106,1.5,0.3157894736842105,11,1.4736842105263157,1.631578947368421,1.7105263157894737,0.42105263157894735,5
2023-04-02,Hatayspor,Sivasspor,2,0-3,2022,1.0789473684210527,1.1842105263157894,1.368421052631579,0.23684210526315788,15,1.4210526315789473,1.236842105263158,1.4210526315789473,0.3684210526315789,7
2023-04-02,Fenerbahce,Besiktas,2,2-4,2022,2.6052631578947367,2.6052631578947367,0.8157894736842105,0.8157894736842105,2,1.4736842105263157,1.368421052631579,1.236842105263158,0.42105263157894735,6
2023-04-01,Galatasaray,Adana Demirspor,1,2-0,2022,2.6842105263157894,2.4210526315789473,0.6842105263157895,0.868421052631579,1,1.1578947368421053,1.4210526315789473,1.605263157894737,0.2631578947368421,12
2023-04-01,Trabzonspor,Kayserispor,2,3-4,2022,1.763157894736842,1.8157894736842106,1.3157894736842106,0.5526315789473685,3,1.105263157894737,1.1578947368421053,1.5,0.2894736842105263,14
2023-04-01,Istanbul Basaksehir,Ankaragucu,1,1-0,2022,1.605263157894737,1.5,1.131578947368421,0.47368421052631576,4,1.0526315789473684,1.2105263157894737,1.368421052631579,0.21052631578947367,17
2023-03-19,Kayserispor,Hatayspor,1,3-0,2022,1.105263157894737,1.1578947368421053,1.5,0.2894736842105263,14,1.0789473684210527,1.1842105263157894,1.368421052631579,0.23684210526315788,15
2023-03-19,Alanyaspor,Fenerbahce,2,1-3,2022,1.368421052631579,1.394736842105263,1.3157894736842106,0.3157894736842105,8,2.6052631578947367,2.6052631578947367,0.8157894736842105,0.8157894736842105,2
2023-03-19,Fatih Karagümrük,Istanbul Basaksehir,X,2-2,2022,1.0526315789473684,1.2894736842105263,1.368421052631579,0.2631578947368421,18,1.605263157894737,1.5,1.131578947368421,0.47368421052631576,4
2023-03-19,Sivasspor,Ankaragucu,1,2-0,2022,1.4210526315789473,1.236842105263158,1.4210526315789473,0.3684210526315789,7,1.0526315789473684,1.2105263157894737,1.368421052631579,0.21052631578947367,17
2023-03-18,Besiktas,İstanbulspor,1,3-1,2022,1.4736842105263157,1.368421052631579,1.236842105263158,0.42105263157894735,6,0.42105263157894735,0.7105263157894737,2.1052631578947367,0.10526315789473684,20
2023-03-18,Adana Demirspor,Antalyaspor,1,2-0,2022,1.1578947368421053,1.4210526315789473,1.605263157894737,0.2631578947368421,12,1.2894736842105263,1.1578947368421053,1.2894736842105263,0.3157894736842105,10
2023-03-17,Konyaspor,Galatasaray,1,2-1,2022,1.0789473684210527,1.0526315789473684,1.394736842105263,0.23684210526315788,16,2.6842105263157894,2.4210526315789473,0.6842105263157895,0.868421052631579,1
2023-03-13,İstanbulspor,Sivasspor,1,3-0,2022,0.42105263157894735,0.7105263157894737,2.1052631578947367,0.10526315789473684,20,1.4210526315789473,1.236842105263158,1.4210526315789473,0.3684210526315789,7
2023-03-12,Trabzonspor,Adana Demirspor,1,4-1,2022,1.763157894736842,1.8157894736842106,1.3157894736842106,0.5526315789473685,3,1.1578947368421053,1.4210526315789473,1.605263157894737,0.2631578947368421,12
2023-03-12,Hatayspor,Konyaspor,2,0-3,2022,1.0789473684210527,1.1842105263157894,1.368421052631579,0.23684210526315788,15,1.0789473684210527,1.0526315789473684,1.394736842105263,0.23684210526315788,16
2023-03-12,Ankaragucu,Alanyaspor,1,2-0,2022,1.0526315789473684,1.2105263157894737,1.368421052631579,0.21052631578947367,17,1.368421052631579,1.394736842105263,1.3157894736842106,0.3157894736842105,8
2023-03-12,Istanbul Basaksehir,Besiktas,2,0-2,2022,1.605263157894737,1.5,1.131578947368421,0.47368421052631576,4,1.4736842105263157,1.368421052631579,1.236842105263158,0.42105263157894735,6
2023-03-11,Galatasaray,Kasimpasa,1,1-0,2022,2.6842105263157894,2.4210526315789473,0.6842105263157895,0.868421052631579,1,1.4736842105263157,1.631578947368421,1.7105263157894737,0.42105263157894735,5
2023-03-11,Antalyaspor,Kayserispor,1,4-0,2022,1.2894736842105263,1.1578947368421053,1.2894736842105263,0.3157894736842105,10,1.105263157894737,1.1578947368421053,1.5,0.2894736842105263,14
2023-03-06,Kasimpasa,Antalyaspor,1,3-1,2022,1.4736842105263157,1.631578947368421,1.7105263157894737,0.42105263157894735,5,1.2894736842105263,1.1578947368421053,1.2894736842105263,0.3157894736842105,10
2023-03-05,Gazişehir Gaziantep,Galatasaray,2,0-3,2022,1.1578947368421053,1.3157894736842106,1.5,0.3157894736842105,11,2.6842105263157894,2.4210526315789473,0.6842105263157895,0.868421052631579,1
2023-03-05,Besiktas,Ankaragucu,1,2-1,2022,1.4736842105263157,1.368421052631579,1.236842105263158,0.42105263157894735,6,1.0526315789473684,1.2105263157894737,1.368421052631579,0.21052631578947367,17
2023-03-05,Adana Demirspor,Hatayspor,1,3-0,2022,1.1578947368421053,1.4210526315789473,1.605263157894737,0.2631578947368421,12,1.0789473684210527,1.1842105263157894,1.368421052631579,0.23684210526315788,15
2023-03-04,Kayserispor,Fenerbahce,2,1-2,2022,1.105263157894737,1.1578947368421053,1.5,0.2894736842105263,14,2.6052631578947367,2.6052631578947367,0.8157894736842105,0.8157894736842105,2
2023-03-04,Fatih Karagümrük,Sivasspor,1,4-3,2022,1.0526315789473684,1.2894736842105263,1.368421052631579,0.2631578947368421,18,1.4210526315789473,1.236842105263158,1.4210526315789473,0.3684210526315789,7
2023-03-03,Alanyaspor,Istanbul Basaksehir,1,1-0,2022,1.368421052631579,1.394736842105263,1.3157894736842106,0.3157894736842105,8,1.605263157894737,1.5,1.131578947368421,0.47368421052631576,4
2023-02-26,Besiktas,Antalyaspor,X,0-0,2022,1.4736842105263157,1.368421052631579,1.236842105263158,0.42105263157894735,6,1.2894736842105263,1.1578947368421053,1.2894736842105263,0.3157894736842105,10
2023-02-25,Fenerbahce,Konyaspor,1,4-0,2022,2.6052631578947367,2.6052631578947367,0.8157894736842105,0.8157894736842105,2,1.0789473684210527,1.0526315789473684,1.394736842105263,0.23684210526315788,16
2023-02-05,Galatasaray,Trabzonspor,1,2-1,2022,2.6842105263157894,2.4210526315789473,0.6842105263157895,0.868421052631579,1,1.763157894736842,1.8157894736842106,1.3157894736842106,0.5526315789473685,3
2023-02-05,Hatayspor,Kasimpasa,1,1-0,2022,1.0789473684210527,1.1842105263157894,1.368421052631579,0.23684210526315788,15,1.4736842105263157,1.631578947368421,1.7105263157894737,0.42105263157894735,5
2023-02-05,İstanbulspor,Alanyaspor,1,2-1,2022,0.42105263157894735,0.7105263157894737,2.1052631578947367,0.10526315789473684,20,1.368421052631579,1.394736842105263,1.3157894736842106,0.3157894736842105,8
2023-02-04,Ankaragucu,Fatih Karagümrük,2,0-2,2022,1.0526315789473684,1.2105263157894737,1.368421052631579,0.21052631578947367,17,1.0526315789473684,1.2894736842105263,1.368421052631579,0.2631578947368421,18
2023-02-04,Antalyaspor,Gazişehir Gaziantep,1,1-0,2022,1.2894736842105263,1.1578947368421053,1.2894736842105263,0.3157894736842105,10,1.1578947368421053,1.3157894736842106,1.5,0.3157894736842105,11
2023-02-04,Sivasspor,Besiktas,1,1-0,2022,1.4210526315789473,1.236842105263158,1.4210526315789473,0.3684210526315789,7,1.4736842105263157,1.368421052631579,1.236842105263158,0.42105263157894735,6
2023-02-02,Kayserispor,Istanbul Basaksehir,1,1-0,2022,1.105263157894737,1.1578947368421053,1.5,0.2894736842105263,14,1.605263157894737,1.5,1.131578947368421,0.47368421052631576,4
2023-02-02,Konyaspor,İstanbulspor,2,0-1,2022,1.0789473684210527,1.0526315789473684,1.394736842105263,0.23684210526315788,16,0.42105263157894735,0.7105263157894737,2.1052631578947367,0.10526315789473684,20
2023-02-02,Adana Demirspor,Fenerbahce,X,1-1,2022,1.1578947368421053,1.4210526315789473,1.605263157894737,0.2631578947368421,12,2.6052631578947367,2.6052631578947367,0.8157894736842105,0.8157894736842105,2
2023-02-01,Trabzonspor,Antalyaspor,1,2-0,2022,1.763157894736842,1.8157894736842106,1.3157894736842106,0.5526315789473685,3,1.2894736842105263,1.1578947368421053,1.2894736842105263,0.3157894736842105,10
2023-02-01,Gazişehir Gaziantep,Hatayspor,1,4-1,2022,1.1578947368421053,1.3157894736842106,1.5,0.3157894736842105,11,1.0789473684210527,1.1842105263157894,1.368421052631579,0.23684210526315788,15
2023-01-31,Fatih Karagümrük,Besiktas,X,1-1,2022,1.0526315789473684,1.2894736842105263,1.368421052631579,0.2631578947368421,18,1.4736842105263157,1.368421052631579,1.236842105263158,0.42105263157894735,6
2023-01-31,Alanyaspor,Sivasspor,2,0-3,2022,1.368421052631579,1.394736842105263,1.3157894736842106,0.3157894736842105,8,1.4210526315789473,1.236842105263158,1.4210526315789473,0.3684210526315789,7
2023-01-29,Fenerbahce,Kasimpasa,1,5-1,2022,2.6052631578947367,2.6052631578947367,0.8157894736842105,0.8157894736842105,2,1.4736842105263157,1.631578947368421,1.7105263157894737,0.42105263157894735,5
2023-01-29,Istanbul Basaksehir,Konyaspor,1,2-0,2022,1.605263157894737,1.5,1.131578947368421,0.47368421052631576,4,1.0789473684210527,1.0526315789473684,1.394736842105263,0.23684210526315788,16
2023-01-29,İstanbulspor,Kayserispor,2,2-4,2022,0.42105263157894735,0.7105263157894737,2.1052631578947367,0.10526315789473684,20,1.105263157894737,1.1578947368421053,1.5,0.2894736842105263,14
2023-01-28,Hatayspor,Trabzonspor,1,2-1,2022,1.0789473684210527,1.1842105263157894,1.368421052631579,0.23684210526315788,15,1.763157894736842,1.8157894736842106,1.3157894736842106,0.5526315789473685,3
2023-01-28,Ankaragucu,Gazişehir Gaziantep,2,0-2,2022,1.0526315789473684,1.2105263157894737,1.368421052631579,0.21052631578947367,17,1.1578947368421053,1.3157894736842106,1.5,0.3157894736842105,11
2023-01-28,Sivasspor,Adana Demirspor,2,1-2,2022,1.4210526315789473,1.236842105263158,1.4210526315789473,0.3684210526315789,7,1.1578947368421053,1.4210526315789473,1.605263157894737,0.2631578947368421,12
2023-01-27,Besiktas,Alanyaspor,1,3-0,2022,1.4736842105263157,1.368421052631579,1.236842105263158,0.42105263157894735,6,1.368421052631579,1.394736842105263,1.3157894736842106,0.3157894736842105,8
2023-01-23,Konyaspor,Ankaragucu,2,0-1,2022,1.0789473684210527,1.0526315789473684,1.394736842105263,0.23684210526315788,16,1.0526315789473684,1.2105263157894737,1.368421052631579,0.21052631578947367,17
2023-01-22,Kayserispor,Besiktas,2,0-2,2022,1.105263157894737,1.1578947368421053,1.5,0.2894736842105263,14,1.4736842105263157,1.368421052631579,1.236842105263158,0.42105263157894735,6
2023-01-22,Alanyaspor,Fatih Karagümrük,X,2-2,2022,1.368421052631579,1.394736842105263,1.3157894736842106,0.3157894736842105,8,1.0526315789473684,1.2894736842105263,1.368421052631579,0.2631578947368421,18
2023-01-22,Gazişehir Gaziantep,Sivasspor,2,1-2,2022,1.1578947368421053,1.3157894736842106,1.5,0.3157894736842105,11,1.4210526315789473,1.236842105263158,1.4210526315789473,0.3684210526315789,7
2023-01-22,Trabzonspor,İstanbulspor,1,4-0,2022,1.763157894736842,1.8157894736842106,1.3157894736842106,0.5526315789473685,3,0.42105263157894735,0.7105263157894737,2.1052631578947367,0.10526315789473684,20
2023-01-21,Galatasaray,Antalyaspor,1,2-1,2022,2.6842105263157894,2.4210526315789473,0.6842105263157895,0.868421052631579,1,1.2894736842105263,1.1578947368421053,1.2894736842105263,0.3157894736842105,10
2023-01-21,Kasimpasa,Istanbul Basaksehir,2,1-3,2022,1.4736842105263157,1.631578947368421,1.7105263157894737,0.42105263157894735,5,1.605263157894737,1.5,1.131578947368421,0.47368421052631576,4
2023-01-15,Gazişehir Gaziantep,Fenerbahce,2,1-2,2022,1.1578947368421053,1.3157894736842106,1.5,0.3157894736842105,11,2.6052631578947367,2.6052631578947367,0.8157894736842105,0.8157894736842105,2
2023-01-15,Kasimpasa,Fatih Karagümrük,X,2-2,2022,1.4736842105263157,1.631578947368421,1.7105263157894737,0.42105263157894735,5,1.0526315789473684,1.2894736842105263,1.368421052631579,0.2631578947368421,18
2023-01-14,Trabzonspor,Istanbul Basaksehir,1,1-0,2022,1.763157894736842,1.8157894736842106,1.3157894736842106,0.5526315789473685,3,1.605263157894737,1.5,1.131578947368421,0.47368421052631576,4
2023-01-14,Adana Demirspor,Ankaragucu,1,3-1,2022,1.1578947368421053,1.4210526315789473,1.605263157894737,0.2631578947368421,12,1.0526315789473684,1.2105263157894737,1.368421052631579,0.21052631578947367,17
2023-01-14,Konyaspor,Besiktas,2,1-2,2022,1.0789473684210527,1.0526315789473684,1.394736842105263,0.23684210526315788,16,1.4736842105263157,1.368421052631579,1.236842105263158,0.42105263157894735,6
2023-01-13,Galatasaray,Hatayspor,1,4-0,2022,2.6842105263157894,2.4210526315789473,0.6842105263157895,0.868421052631579,1,1.0789473684210527,1.1842105263157894,1.368421052631579,0.23684210526315788,15
2023-01-13,Kayserispor,Sivasspor,1,4-1,2022,1.105263157894737,1.1578947368421053,1.5,0.2894736842105263,14,1.4210526315789473,1.236842105263158,1.4210526315789473,0.3684210526315789,7
2023-01-09,İstanbulspor,Gazişehir Gaziantep,X,1-1,2022,0.42105263157894735,0.7105263157894737,2.1052631578947367,0.10526315789473684,20,1.1578947368421053,1.3157894736842106,1.5,0.3157894736842105,11
2023-01-09,Alanyaspor,Trabzonspor,1,5-0,2022,1.368421052631579,1.394736842105263,1.3157894736842106,0.3157894736842105,8,1.763157894736842,1.8157894736842106,1.3157894736842106,0.5526315789473685,3
2023-01-09,Istanbul Basaksehir,Adana Demirspor,1,2-1,2022,1.605263157894737,1.5,1.131578947368421,0.47368421052631576,4,1.1578947368421053,1.4210526315789473,1.605263157894737,0.2631578947368421,12
2023-01-08,Fenerbahce,Galatasaray,2,0-3,2022,2.6052631578947367,2.6052631578947367,0.8157894736842105,0.8157894736842105,2,2.6842105263157894,2.4210526315789473,0.6842105263157895,0.868421052631579,1
2023-01-08,Ankaragucu,Kayserispor,1,2-1,2022,1.0526315789473684,1.2105263157894737,1.368421052631579,0.21052631578947367,17,1.105263157894737,1.1578947368421053,1.5,0.2894736842105263,14
2023-01-08,Fatih Karagümrük,Konyaspor,X,3-3,2022,1.0526315789473684,1.2894736842105263,1.368421052631579,0.2631578947368421,18,1.0789473684210527,1.0526315789473684,1.394736842105263,0.23684210526315788,16
2023-01-07,Besiktas,Kasimpasa,1,2-1,2022,1.4736842105263157,1.368421052631579,1.236842105263158,0.42105263157894735,6,1.4736842105263157,1.631578947368421,1.7105263157894737,0.42105263157894735,5
2023-01-07,Hatayspor,Antalyaspor,X,0-0,2022,1.0789473684210527,1.1842105263157894,1.368421052631579,0.23684210526315788,15,1.2894736842105263,1.1578947368421053,1.2894736842105263,0.3157894736842105,10
2023-01-05,Adana Demirspor,İstanbulspor,1,6-0,2022,1.1578947368421053,1.4210526315789473,1.605263157894737,0.2631578947368421,12,0.42105263157894735,0.7105263157894737,2.1052631578947367,0.10526315789473684,20
2023-01-05,Gazişehir Gaziantep,Istanbul Basaksehir,X,1-1,2022,1.1578947368421053,1.3157894736842106,1.5,0.3157894736842105,11,1.605263157894737,1.5,1.131578947368421,0.47368421052631576,4
2023-01-04,Konyaspor,Sivasspor,X,2-2,2022,1.0789473684210527,1.0526315789473684,1.394736842105263,0.23684210526315788,16,1.4210526315789473,1.236842105263158,1.4210526315789473,0.3684210526315789,7
2023-01-04,Kasimpasa,Alanyaspor,1,4-1,2022,1.4736842105263157,1.631578947368421,1.7105263157894737,0.42105263157894735,5,1.368421052631579,1.394736842105263,1.3157894736842106,0.3157894736842105,8
2023-01-04,Kayserispor,Fatih Karagümrük,2,2-4,2022,1.105263157894737,1.1578947368421053,1.5,0.2894736842105263,14,1.0526315789473684,1.2894736842105263,1.368421052631579,0.2631578947368421,18
2023-01-04,Galatasaray,Ankaragucu,1,2-1,2022,2.6842105263157894,2.4210526315789473,0.6842105263157895,0.868421052631579,1,1.0526315789473684,1.2105263157894737,1.368421052631579,0.21052631578947367,17
2023-01-03,Antalyaspor,Fenerbahce,2,1-2,2022,1.2894736842105263,1.1578947368421053,1.2894736842105263,0.3157894736842105,10,2.6052631578947367,2.6052631578947367,0.8157894736842105,0.8157894736842105,2
2022-12-29,Besiktas,Adana Demirspor,1,1-0,2022,1.4736842105263157,1.368421052631579,1.236842105263158,0.42105263157894735,6,1.1578947368421053,1.4210526315789473,1.605263157894737,0.2631578947368421,12
2022-12-29,Sivasspor,Galatasaray,2,1-2,2022,1.4210526315789473,1.236842105263158,1.4210526315789473,0.3684210526315789,7,2.6842105263157894,2.4210526315789473,0.6842105263157895,0.868421052631579,1
2022-12-28,Fatih Karagümrük,Trabzonspor,1,4-1,2022,1.0526315789473684,1.2894736842105263,1.368421052631579,0.2631578947368421,18,1.763157894736842,1.8157894736842106,1.3157894736842106,0.5526315789473685,3
2022-12-28,İstanbulspor,Kasimpasa,1,2-1,2022,0.42105263157894735,0.7105263157894737,2.1052631578947367,0.10526315789473684,20,1.4736842105263157,1.631578947368421,1.7105263157894737,0.42105263157894735,5
2022-12-28,Alanyaspor,Kayserispor,1,3-1,2022,1.368421052631579,1.394736842105263,1.3157894736842106,0.3157894736842105,8,1.105263157894737,1.1578947368421053,1.5,0.2894736842105263,14
2022-12-27,Fenerbahce,Hatayspor,1,4-0,2022,2.6052631578947367,2.6052631578947367,0.8157894736842105,0.8157894736842105,2,1.0789473684210527,1.1842105263157894,1.368421052631579,0.23684210526315788,15
2022-12-27,Istanbul Basaksehir,Antalyaspor,1,2-0,2022,1.605263157894737,1.5,1.131578947368421,0.47368421052631576,4,1.2894736842105263,1.1578947368421053,1.2894736842105263,0.3157894736842105,10
2022-12-25,Gazişehir Gaziantep,Besiktas,X,1-1,2022,1.1578947368421053,1.3157894736842106,1.5,0.3157894736842105,11,1.4736842105263157,1.368421052631579,1.236842105263158,0.42105263157894735,6
2022-12-25,Konyaspor,Alanyaspor,X,2-2,2022,1.0789473684210527,1.0526315789473684,1.394736842105263,0.23684210526315788,16,1.368421052631579,1.394736842105263,1.3157894736842106,0.3157894736842105,8
2022-12-25,Adana Demirspor,Fatih Karagümrük,1,2-1,2022,1.1578947368421053,1.4210526315789473,1.605263157894737,0.2631578947368421,12,1.0526315789473684,1.2894736842105263,1.368421052631579,0.2631578947368421,18
2022-12-25,Galatasaray,İstanbulspor,1,2-1,2022,2.6842105263157894,2.4210526315789473,0.6842105263157895,0.868421052631579,1,0.42105263157894735,0.7105263157894737,2.1052631578947367,0.10526315789473684,20
2022-12-24,Kasimpasa,Sivasspor,2,1-2,2022,1.4736842105263157,1.631578947368421,1.7105263157894737,0.42105263157894735,5,1.4210526315789473,1.236842105263158,1.4210526315789473,0.3684210526315789,7
2022-12-24,Trabzonspor,Fenerbahce,1,2-0,2022,1.763157894736842,1.8157894736842106,1.3157894736842106,0.5526315789473685,3,2.6052631578947367,2.6052631578947367,0.8157894736842105,0.8157894736842105,2
2022-12-23,Antalyaspor,Ankaragucu,2,0-2,2022,1.2894736842105263,1.1578947368421053,1.2894736842105263,0.3157894736842105,10,1.0526315789473684,1.2105263157894737,1.368421052631579,0.21052631578947367,17
2022-11-13,İstanbulspor,Hatayspor,2,0-1,2022,0.42105263157894735,0.7105263157894737,2.1052631578947367,0.10526315789473684,20,1.0789473684210527,1.1842105263157894,1.368421052631579,0.23684210526315788,15
2022-11-13,Kayserispor,Konyaspor,2,1-2,2022,1.105263157894737,1.1578947368421053,1.5,0.2894736842105263,14,1.0789473684210527,1.0526315789473684,1.394736842105263,0.23684210526315788,16
2022-11-13,Fatih Karagümrük,Gazişehir Gaziantep,X,3-3,2022,1.0526315789473684,1.2894736842105263,1.368421052631579,0.2631578947368421,18,1.1578947368421053,1.3157894736842106,1.5,0.3157894736842105,11
2022-11-12,Istanbul Basaksehir,Galatasaray,2,0-7,2022,1.605263157894737,1.5,1.131578947368421,0.47368421052631576,4,2.6842105263157894,2.4210526315789473,0.6842105263157895,0.868421052631579,1
2022-11-11,Ankaragucu,Trabzonspor,X,1-1,2022,1.0526315789473684,1.2105263157894737,1.368421052631579,0.21052631578947367,17,1.763157894736842,1.8157894736842106,1.3157894736842106,0.5526315789473685,3
2022-11-11,Alanyaspor,Adana Demirspor,X,0-0,2022,1.368421052631579,1.394736842105263,1.3157894736842106,0.3157894736842105,8,1.1578947368421053,1.4210526315789473,1.605263157894737,0.2631578947368421,12
2022-11-07,Fenerbahce,Sivasspor,1,1-0,2022,2.6052631578947367,2.6052631578947367,0.8157894736842105,0.8157894736842105,2,1.4210526315789473,1.236842105263158,1.4210526315789473,0.3684210526315789,7
2022-11-07,Hatayspor,Istanbul Basaksehir,X,3-3,2022,1.0789473684210527,1.1842105263157894,1.368421052631579,0.23684210526315788,15,1.605263157894737,1.5,1.131578947368421,0.47368421052631576,4
2022-11-06,Trabzonspor,Konyaspor,X,2-2,2022,1.763157894736842,1.8157894736842106,1.3157894736842106,0.5526315789473685,3,1.0789473684210527,1.0526315789473684,1.394736842105263,0.23684210526315788,16
2022-11-06,Antalyaspor,Fatih Karagümrük,1,4-2,2022,1.2894736842105263,1.1578947368421053,1.2894736842105263,0.3157894736842105,10,1.0526315789473684,1.2894736842105263,1.368421052631579,0.2631578947368421,18
2022-11-06,Gazişehir Gaziantep,Kayserispor,2,1-2,2022,1.1578947368421053,1.3157894736842106,1.5,0.3157894736842105,11,1.105263157894737,1.1578947368421053,1.5,0.2894736842105263,14
2022-11-05,Galatasaray,Besiktas,1,2-1,2022,2.6842105263157894,2.4210526315789473,0.6842105263157895,0.868421052631579,1,1.4736842105263157,1.368421052631579,1.236842105263158,0.42105263157894735,6
2022-11-04,Kasimpasa,Ankaragucu,X,1-1,2022,1.4736842105263157,1.631578947368421,1.7105263157894737,0.42105263157894735,5,1.0526315789473684,1.2105263157894737,1.368421052631579,0.21052631578947367,17
2022-10-31,Sivasspor,Antalyaspor,2,0-2,2022,1.4210526315789473,1.236842105263158,1.4210526315789473,0.3684210526315789,7,1.2894736842105263,1.1578947368421053,1.2894736842105263,0.3157894736842105,10
2022-10-30,Kayserispor,Adana Demirspor,X,2-2,2022,1.105263157894737,1.1578947368421053,1.5,0.2894736842105263,14,1.1578947368421053,1.4210526315789473,1.605263157894737,0.2631578947368421,12
2022-10-30,Ankaragucu,Hatayspor,1,4-1,2022,1.0526315789473684,1.2105263157894737,1.368421052631579,0.21052631578947367,17,1.0789473684210527,1.1842105263157894,1.368421052631579,0.23684210526315788,15
2022-10-30,İstanbulspor,Fenerbahce,2,2-5,2022,0.42105263157894735,0.7105263157894737,2.1052631578947367,0.10526315789473684,20,2.6052631578947367,2.6052631578947367,0.8157894736842105,0.8157894736842105,2
2022-10-29,Alanyaspor,Gazişehir Gaziantep,1,2-0,2022,1.368421052631579,1.394736842105263,1.3157894736842106,0.3157894736842105,8,1.1578947368421053,1.3157894736842106,1.5,0.3157894736842105,11
2022-10-29,Konyaspor,Kasimpasa,X,1-1,2022,1.0789473684210527,1.0526315789473684,1.394736842105263,0.23684210526315788,16,1.4736842105263157,1.631578947368421,1.7105263157894737,0.42105263157894735,5
2022-10-28,Fatih Karagümrük,Galatasaray,2,0-2,2022,1.0526315789473684,1.2894736842105263,1.368421052631579,0.2631578947368421,18,2.6842105263157894,2.4210526315789473,0.6842105263157895,0.868421052631579,1
2022-10-24,Hatayspor,Besiktas,1,2-1,2022,1.0789473684210527,1.1842105263157894,1.368421052631579,0.23684210526315788,15,1.4736842105263157,1.368421052631579,1.236842105263158,0.42105263157894735,6
2022-10-23,Galatasaray,Alanyaspor,X,2-2,2022,2.6842105263157894,2.4210526315789473,0.6842105263157895,0.868421052631579,1,1.368421052631579,1.394736842105263,1.3157894736842106,0.3157894736842105,8
2022-10-23,Adana Demirspor,Konyaspor,X,1-1,2022,1.1578947368421053,1.4210526315789473,1.605263157894737,0.2631578947368421,12,1.0789473684210527,1.0526315789473684,1.394736842105263,0.23684210526315788,16
2022-10-23,Kasimpasa,Kayserispor,2,0-1,2022,1.4736842105263157,1.631578947368421,1.7105263157894737,0.42105263157894735,5,1.105263157894737,1.1578947368421053,1.5,0.2894736842105263,14
2022-10-22,Fenerbahce,Istanbul Basaksehir,1,1-0,2022,2.6052631578947367,2.6052631578947367,0.8157894736842105,0.8157894736842105,2,1.605263157894737,1.5,1.131578947368421,0.47368421052631576,4
2022-10-22,Trabzonspor,Sivasspor,1,1-0,2022,1.763157894736842,1.8157894736842106,1.3157894736842106,0.5526315789473685,3,1.4210526315789473,1.236842105263158,1.4210526315789473,0.3684210526315789,7
2022-10-21,Antalyaspor,İstanbulspor,1,2-1,2022,1.2894736842105263,1.1578947368421053,1.2894736842105263,0.3157894736842105,10,0.42105263157894735,0.7105263157894737,2.1052631578947367,0.10526315789473684,20
2022-10-17,Ankaragucu,Fenerbahce,2,0-3,2022,1.0526315789473684,1.2105263157894737,1.368421052631579,0.21052631578947367,17,2.6052631578947367,2.6052631578947367,0.8157894736842105,0.8157894736842105,2
2022-10-16,Besiktas,Trabzonspor,X,2-2,2022,1.4736842105263157,1.368421052631579,1.236842105263158,0.42105263157894735,6,1.763157894736842,1.8157894736842106,1.3157894736842106,0.5526315789473685,3
2022-10-16,Istanbul Basaksehir,İstanbulspor,1,2-0,2022,1.605263157894737,1.5,1.131578947368421,0.47368421052631576,4,0.42105263157894735,0.7105263157894737,2.1052631578947367,0.10526315789473684,20
2022-10-15,Fatih Karagümrük,Hatayspor,1,3-0,2022,1.0526315789473684,1.2894736842105263,1.368421052631579,0.2631578947368421,18,1.0789473684210527,1.1842105263157894,1.368421052631579,0.23684210526315788,15
2022-10-15,Kasimpasa,Adana Demirspor,2,1-4,2022,1.4736842105263157,1.631578947368421,1.7105263157894737,0.42105263157894735,5,1.1578947368421053,1.4210526315789473,1.605263157894737,0.2631578947368421,12
2022-10-15,Kayserispor,Galatasaray,1,2-1,2022,1.105263157894737,1.1578947368421053,1.5,0.2894736842105263,14,2.6842105263157894,2.4210526315789473,0.6842105263157895,0.868421052631579,1
2022-10-15,Konyaspor,Gazişehir Gaziantep,2,0-1,2022,1.0789473684210527,1.0526315789473684,1.394736842105263,0.23684210526315788,16,1.1578947368421053,1.3157894736842106,1.5,0.3157894736842105,11
2022-10-14,Alanyaspor,Antalyaspor,1,3-2,2022,1.368421052631579,1.394736842105263,1.3157894736842106,0.3157894736842105,8,1.2894736842105263,1.1578947368421053,1.2894736842105263,0.3157894736842105,10
2022-10-10,Trabzonspor,Kasimpasa,X,0-0,2022,1.763157894736842,1.8157894736842106,1.3157894736842106,0.5526315789473685,3,1.4736842105263157,1.631578947368421,1.7105263157894737,0.42105263157894735,5
2022-10-10,Istanbul Basaksehir,Sivasspor,2,0-2,2022,1.605263157894737,1.5,1.131578947368421,0.47368421052631576,4,1.4210526315789473,1.236842105263158,1.4210526315789473,0.3684210526315789,7
2022-10-09,Fenerbahce,Fatih Karagümrük,1,5-4,2022,2.6052631578947367,2.6052631578947367,0.8157894736842105,0.8157894736842105,2,1.0526315789473684,1.2894736842105263,1.368421052631579,0.2631578947368421,18
2022-10-09,Hatayspor,Alanyaspor,1,1-0,2022,1.0789473684210527,1.1842105263157894,1.368421052631579,0.23684210526315788,15,1.368421052631579,1.394736842105263,1.3157894736842106,0.3157894736842105,8
2022-10-08,Antalyaspor,Konyaspor,X,1-1,2022,1.2894736842105263,1.1578947368421053,1.2894736842105263,0.3157894736842105,10,1.0789473684210527,1.0526315789473684,1.394736842105263,0.23684210526315788,16
2022-10-08,İstanbulspor,Ankaragucu,2,1-2,2022,0.42105263157894735,0.7105263157894737,2.1052631578947367,0.10526315789473684,20,1.0526315789473684,1.2105263157894737,1.368421052631579,0.21052631578947367,17
2022-10-07,Gazişehir Gaziantep,Adana Demirspor,X,1-1,2022,1.1578947368421053,1.3157894736842106,1.5,0.3157894736842105,11,1.1578947368421053,1.4210526315789473,1.605263157894737,0.2631578947368421,12
2022-10-03,Fatih Karagümrük,İstanbulspor,2,1-2,2022,1.0526315789473684,1.2894736842105263,1.368421052631579,0.2631578947368421,18,0.42105263157894735,0.7105263157894737,2.1052631578947367,0.10526315789473684,20
2022-10-02,Besiktas,Fenerbahce,X,0-0,2022,1.4736842105263157,1.368421052631579,1.236842105263158,0.42105263157894735,6,2.6052631578947367,2.6052631578947367,0.8157894736842105,0.8157894736842105,2
2022-10-02,Sivasspor,Hatayspor,2,1-2,2022,1.4210526315789473,1.236842105263158,1.4210526315789473,0.3684210526315789,7,1.0789473684210527,1.1842105263157894,1.368421052631579,0.23684210526315788,15
2022-10-01,Ankaragucu,Istanbul Basaksehir,2,1-2,2022,1.0526315789473684,1.2105263157894737,1.368421052631579,0.21052631578947367,17,1.605263157894737,1.5,1.131578947368421,0.47368421052631576,4
2022-10-01,Kasimpasa,Gazişehir Gaziantep,1,1-0,2022,1.4736842105263157,1.631578947368421,1.7105263157894737,0.42105263157894735,5,1.1578947368421053,1.3157894736842106,1.5,0.3157894736842105,11
2022-10-01,Kayserispor,Trabzonspor,2,1-2,2022,1.105263157894737,1.1578947368421053,1.5,0.2894736842105263,14,1.763157894736842,1.8157894736842106,1.3157894736842106,0.5526315789473685,3
2022-10-01,Adana Demirspor,Galatasaray,X,0-0,2022,1.1578947368421053,1.4210526315789473,1.605263157894737,0.2631578947368421,12,2.6842105263157894,2.4210526315789473,0.6842105263157895,0.868421052631579,1
2022-09-18,Ankaragucu,Sivasspor,1,2-1,2022,1.0526315789473684,1.2105263157894737,1.368421052631579,0.21052631578947367,17,1.4210526315789473,1.236842105263158,1.4210526315789473,0.3684210526315789,7
2022-09-18,Fenerbahce,Alanyaspor,1,5-0,2022,2.6052631578947367,2.6052631578947367,0.8157894736842105,0.8157894736842105,2,1.368421052631579,1.394736842105263,1.3157894736842106,0.3157894736842105,8
2022-09-18,Trabzonspor,Gazişehir Gaziantep,1,3-2,2022,1.763157894736842,1.8157894736842106,1.3157894736842106,0.5526315789473685,3,1.1578947368421053,1.3157894736842106,1.5,0.3157894736842105,11
2022-09-18,Istanbul Basaksehir,Fatih Karagümrük,X,0-0,2022,1.605263157894737,1.5,1.131578947368421,0.47368421052631576,4,1.0526315789473684,1.2894736842105263,1.368421052631579,0.2631578947368421,18
2022-09-17,İstanbulspor,Besiktas,X,2-2,2022,0.42105263157894735,0.7105263157894737,2.1052631578947367,0.10526315789473684,20,1.4736842105263157,1.368421052631579,1.236842105263158,0.42105263157894735,6
2022-09-17,Antalyaspor,Adana Demirspor,2,0-3,2022,1.2894736842105263,1.1578947368421053,1.2894736842105263,0.3157894736842105,10,1.1578947368421053,1.4210526315789473,1.605263157894737,0.2631578947368421,12
2022-09-16,Hatayspor,Kayserispor,2,0-4,2022,1.0789473684210527,1.1842105263157894,1.368421052631579,0.23684210526315788,15,1.105263157894737,1.1578947368421053,1.5,0.2894736842105263,14
2022-09-16,Galatasaray,Konyaspor,1,2-1,2022,2.6842105263157894,2.4210526315789473,0.6842105263157895,0.868421052631579,1,1.0789473684210527,1.0526315789473684,1.394736842105263,0.23684210526315788,16
2022-09-12,Adana Demirspor,Trabzonspor,1,3-2,2022,1.1578947368421053,1.4210526315789473,1.605263157894737,0.2631578947368421,12,1.763157894736842,1.8157894736842106,1.3157894736842106,0.5526315789473685,3
2022-09-12,Besiktas,Istanbul Basaksehir,2,0-1,2022,1.4736842105263157,1.368421052631579,1.236842105263158,0.42105263157894735,6,1.605263157894737,1.5,1.131578947368421,0.47368421052631576,4
2022-09-11,Kasimpasa,Galatasaray,2,2-3,2022,1.4736842105263157,1.631578947368421,1.7105263157894737,0.42105263157894735,5,2.6842105263157894,2.4210526315789473,0.6842105263157895,0.868421052631579,1
2022-09-11,Kayserispor,Antalyaspor,1,1-0,2022,1.105263157894737,1.1578947368421053,1.5,0.2894736842105263,14,1.2894736842105263,1.1578947368421053,1.2894736842105263,0.3157894736842105,10
2022-09-11,Sivasspor,İstanbulspor,X,1-1,2022,1.4210526315789473,1.236842105263158,1.4210526315789473,0.3684210526315789,7,0.42105263157894735,0.7105263157894737,2.1052631578947367,0.10526315789473684,20
2022-09-10,Konyaspor,Hatayspor,1,1-0,2022,1.0789473684210527,1.0526315789473684,1.394736842105263,0.23684210526315788,16,1.0789473684210527,1.1842105263157894,1.368421052631579,0.23684210526315788,15
2022-09-09,Alanyaspor,Ankaragucu,1,2-1,2022,1.368421052631579,1.394736842105263,1.3157894736842106,0.3157894736842105,8,1.0526315789473684,1.2105263157894737,1.368421052631579,0.21052631578947367,17
2022-09-05,Galatasaray,Gazişehir Gaziantep,1,2-1,2022,2.6842105263157894,2.4210526315789473,0.6842105263157895,0.868421052631579,1,1.1578947368421053,1.3157894736842106,1.5,0.3157894736842105,11
2022-09-04,Ankaragucu,Besiktas,2,2-3,2022,1.0526315789473684,1.2105263157894737,1.368421052631579,0.21052631578947367,17,1.4736842105263157,1.368421052631579,1.236842105263158,0.42105263157894735,6
2022-09-04,Antalyaspor,Kasimpasa,2,0-2,2022,1.2894736842105263,1.1578947368421053,1.2894736842105263,0.3157894736842105,10,1.4736842105263157,1.631578947368421,1.7105263157894737,0.42105263157894735,5
2022-09-04,Hatayspor,Adana Demirspor,X,1-1,2022,1.0789473684210527,1.1842105263157894,1.368421052631579,0.23684210526315788,15,1.1578947368421053,1.4210526315789473,1.605263157894737,0.2631578947368421,12
2022-09-03,Fenerbahce,Kayserispor,1,2-0,2022,2.6052631578947367,2.6052631578947367,0.8157894736842105,0.8157894736842105,2,1.105263157894737,1.1578947368421053,1.5,0.2894736842105263,14
2022-09-03,Sivasspor,Fatih Karagümrük,X,0-0,2022,1.4210526315789473,1.236842105263158,1.4210526315789473,0.3684210526315789,7,1.0526315789473684,1.2894736842105263,1.368421052631579,0.2631578947368421,18
2022-09-03,Istanbul Basaksehir,Alanyaspor,1,2-0,2022,1.605263157894737,1.5,1.131578947368421,0.47368421052631576,4,1.368421052631579,1.394736842105263,1.3157894736842106,0.3157894736842105,8
2022-08-29,Besiktas,Sivasspor,1,3-1,2022,1.4736842105263157,1.368421052631579,1.236842105263158,0.42105263157894735,6,1.4210526315789473,1.236842105263158,1.4210526315789473,0.3684210526315789,7
2022-08-29,Konyaspor,Fenerbahce,1,1-0,2022,1.0789473684210527,1.0526315789473684,1.394736842105263,0.23684210526315788,16,2.6052631578947367,2.6052631578947367,0.8157894736842105,0.8157894736842105,2
2022-08-28,Trabzonspor,Galatasaray,X,0-0,2022,1.763157894736842,1.8157894736842106,1.3157894736842106,0.5526315789473685,3,2.6842105263157894,2.4210526315789473,0.6842105263157895,0.868421052631579,1
2022-08-28,Kasimpasa,Hatayspor,1,1-0,2022,1.4736842105263157,1.631578947368421,1.7105263157894737,0.42105263157894735,5,1.0789473684210527,1.1842105263157894,1.368421052631579,0.23684210526315788,15
2022-08-27,Alanyaspor,İstanbulspor,2,0-1,2022,1.368421052631579,1.394736842105263,1.3157894736842106,0.3157894736842105,8,0.42105263157894735,0.7105263157894737,2.1052631578947367,0.10526315789473684,20
2022-08-27,Fatih Karagümrük,Ankaragucu,1,4-1,2022,1.0526315789473684,1.2894736842105263,1.368421052631579,0.2631578947368421,18,1.0526315789473684,1.2105263157894737,1.368421052631579,0.21052631578947367,17
2022-08-26,Gazişehir Gaziantep,Antalyaspor,1,5-2,2022,1.1578947368421053,1.3157894736842106,1.5,0.3157894736842105,11,1.2894736842105263,1.1578947368421053,1.2894736842105263,0.3157894736842105,10
2022-08-22,Sivasspor,Alanyaspor,X,1-1,2022,1.4210526315789473,1.236842105263158,1.4210526315789473,0.3684210526315789,7,1.368421052631579,1.394736842105263,1.3157894736842106,0.3157894736842105,8
2022-08-22,İstanbulspor,Konyaspor,2,0-4,2022,0.42105263157894735,0.7105263157894737,2.1052631578947367,0.10526315789473684,20,1.0789473684210527,1.0526315789473684,1.394736842105263,0.23684210526315788,16
2022-08-22,Fenerbahce,Adana Demirspor,1,4-2,2022,2.6052631578947367,2.6052631578947367,0.8157894736842105,0.8157894736842105,2,1.1578947368421053,1.4210526315789473,1.605263157894737,0.2631578947368421,12
2022-08-21,Besiktas,Fatih Karagümrük,1,4-1,2022,1.4736842105263157,1.368421052631579,1.236842105263158,0.42105263157894735,6,1.0526315789473684,1.2894736842105263,1.368421052631579,0.2631578947368421,18
2022-08-21,Istanbul Basaksehir,Kayserispor,1,2-0,2022,1.605263157894737,1.5,1.131578947368421,0.47368421052631576,4,1.105263157894737,1.1578947368421053,1.5,0.2894736842105263,14
2022-08-20,Antalyaspor,Trabzonspor,1,5-2,2022,1.2894736842105263,1.1578947368421053,1.2894736842105263,0.3157894736842105,10,1.763157894736842,1.8157894736842106,1.3157894736842106,0.5526315789473685,3
2022-08-20,Hatayspor,Gazişehir Gaziantep,2,1-2,2022,1.0789473684210527,1.1842105263157894,1.368421052631579,0.23684210526315788,15,1.1578947368421053,1.3157894736842106,1.5,0.3157894736842105,11
2022-08-15,Kasimpasa,Fenerbahce,2,0-6,2022,1.4736842105263157,1.631578947368421,1.7105263157894737,0.42105263157894735,5,2.6052631578947367,2.6052631578947367,0.8157894736842105,0.8157894736842105,2
2022-08-15,Konyaspor,Istanbul Basaksehir,X,0-0,2022,1.0789473684210527,1.0526315789473684,1.394736842105263,0.23684210526315788,16,1.605263157894737,1.5,1.131578947368421,0.47368421052631576,4
2022-08-14,Alanyaspor,Besiktas,X,3-3,2022,1.368421052631579,1.394736842105263,1.3157894736842106,0.3157894736842105,8,1.4736842105263157,1.368421052631579,1.236842105263158,0.42105263157894735,6
2022-08-14,Gazişehir Gaziantep,Ankaragucu,1,1-0,2022,1.1578947368421053,1.3157894736842106,1.5,0.3157894736842105,11,1.0526315789473684,1.2105263157894737,1.368421052631579,0.21052631578947367,17
2022-08-13,Adana Demirspor,Sivasspor,1,3-0,2022,1.1578947368421053,1.4210526315789473,1.605263157894737,0.2631578947368421,12,1.4210526315789473,1.236842105263158,1.4210526315789473,0.3684210526315789,7
2022-08-13,Kayserispor,İstanbulspor,1,1-0,2022,1.105263157894737,1.1578947368421053,1.5,0.2894736842105263,14,0.42105263157894735,0.7105263157894737,2.1052631578947367,0.10526315789473684,20
2022-08-12,Trabzonspor,Hatayspor,1,1-0,2022,1.763157894736842,1.8157894736842106,1.3157894736842106,0.5526315789473685,3,1.0789473684210527,1.1842105263157894,1.368421052631579,0.23684210526315788,15
2022-08-08,Ankaragucu,Konyaspor,X,0-0,2022,1.0526315789473684,1.2105263157894737,1.368421052631579,0.21052631578947367,17,1.0789473684210527,1.0526315789473684,1.394736842105263,0.23684210526315788,16
2022-08-08,Istanbul Basaksehir,Kasimpasa,1,4-0,2022,1.605263157894737,1.5,1.131578947368421,0.47368421052631576,4,1.4736842105263157,1.631578947368421,1.7105263157894737,0.42105263157894735,5
2022-08-07,Antalyaspor,Galatasaray,2,0-1,2022,1.2894736842105263,1.1578947368421053,1.2894736842105263,0.3157894736842105,10,2.6842105263157894,2.4210526315789473,0.6842105263157895,0.868421052631579,1
2022-08-07,Fatih Karagümrük,Alanyaspor,2,2-4,2022,1.0526315789473684,1.2894736842105263,1.368421052631579,0.2631578947368421,18,1.368421052631579,1.394736842105263,1.3157894736842106,0.3157894736842105,8
2022-08-06,Besiktas,Kayserispor,1,1-0,2022,1.4736842105263157,1.368421052631579,1.236842105263158,0.42105263157894735,6,1.105263157894737,1.1578947368421053,1.5,0.2894736842105263,14
2022-08-06,Sivasspor,Gazişehir Gaziantep,X,1-1,2022,1.4210526315789473,1.236842105263158,1.4210526315789473,0.3684210526315789,7,1.1578947368421053,1.3157894736842106,1.5,0.3157894736842105,11
2022-08-05,İstanbulspor,Trabzonspor,2,0-2,2022,0.42105263157894735,0.7105263157894737,2.1052631578947367,0.10526315789473684,20,1.763157894736842,1.8157894736842106,1.3157894736842106,0.5526315789473685,3
